Entity,Code,Year,"GDP (output, multiple price benchmarks)"
Albania,ALB,2013,33245488281
Albania,ALB,2014,34760300781
Albania,ALB,2015,36712953125
Albania,ALB,2016,36773449218
Albania,ALB,2017,37989734375
Albania,ALB,2018,38074304687
Albania,ALB,2019,40838144531
Albania,ALB,2020,39095613281
Albania,ALB,2021,42296042968
Albania,ALB,2022,44123269531
Albania,ALB,2023,44899289062
Algeria,DZA,2013,620965812500
Algeria,DZA,2014,618985750000
Algeria,DZA,2015,578757250000
Algeria,DZA,2016,566563687500
Algeria,DZA,2017,561429625000
Algeria,DZA,2018,560614687500
Algeria,DZA,2019,594757875000
Algeria,DZA,2020,573820000000
Algeria,DZA,2021,622585875000
Algeria,DZA,2022,657201437500
Algeria,DZA,2023,673065187500
Angola,AGO,2013,269210781250
Angola,AGO,2014,283406125000
Angola,AGO,2015,248789750000
Angola,AGO,2016,238097093750
Angola,AGO,2017,246374328125
Angola,AGO,2018,247713468750
Angola,AGO,2019,246224453125
Angola,AGO,2020,225588500000
Angola,AGO,2021,215422875000
Angola,AGO,2022,219629125000
Angola,AGO,2023,227166125000
Anguilla,AIA,2013,339602966
Anguilla,AIA,2014,318112060
Anguilla,AIA,2015,246419921
Anguilla,AIA,2016,206616836
Anguilla,AIA,2017,167437164
Anguilla,AIA,2018,150816406
Anguilla,AIA,2019,327952758
Anguilla,AIA,2020,231331695
Anguilla,AIA,2021,268632934
Anguilla,AIA,2022,330097259
Anguilla,AIA,2023,327403533
Antigua and Barbuda,ATG,2013,2086791259
Antigua and Barbuda,ATG,2014,1105601684
Antigua and Barbuda,ATG,2015,1691551391
Antigua and Barbuda,ATG,2016,1548012695
Argentina,ARG,2013,1004195750000
Argentina,ARG,2014,980615312500
Argentina,ARG,2015,1016056312500
Argentina,ARG,2016,1015130187500
Argentina,ARG,2017,1133667250000
Argentina,ARG,2018,1175001625000
Argentina,ARG,2019,1121915625000
Argentina,ARG,2020,1045251187500
Argentina,ARG,2021,1176311000000
Argentina,ARG,2022,1256612250000
Argentina,ARG,2023,1242508500000
Armenia,ARM,2013,34292468750
Armenia,ARM,2014,35196082031
Armenia,ARM,2015,35074210937
Armenia,ARM,2016,37759492187
Armenia,ARM,2017,43138898437
Armenia,ARM,2018,44493949218
Armenia,ARM,2019,52092375000
Armenia,ARM,2020,49289308593
Armenia,ARM,2021,50131199218
Armenia,ARM,2022,55513093750
Armenia,ARM,2023,61470128906
Aruba,ABW,2013,5360732421
Aruba,ABW,2014,4684142578
Aruba,ABW,2015,4536233398
Aruba,ABW,2016,3830821289
Aruba,ABW,2017,3515309814
Aruba,ABW,2018,4100768066
Aruba,ABW,2019,3887474121
Aruba,ABW,2020,2995245117
Aruba,ABW,2021,4026352539
Aruba,ABW,2022,4576177246
Aruba,ABW,2023,4892405273
Australia,AUS,2013,1359205250000
Australia,AUS,2014,1362965625000
Australia,AUS,2015,1290770625000
Australia,AUS,2016,1382104750000
Australia,AUS,2017,1424346875000
Australia,AUS,2018,1494212500000
Australia,AUS,2019,1537740875000
Australia,AUS,2020,1582895000000
Australia,AUS,2021,1639789750000
Australia,AUS,2022,1687121125000
Australia,AUS,2023,1701675500000
Austria,AUT,2013,443191562500
Austria,AUT,2014,464229843750
Austria,AUT,2015,472906250000
Austria,AUT,2016,480304000000
Austria,AUT,2017,501888000000
Austria,AUT,2018,521822625000
Austria,AUT,2019,555248375000
Austria,AUT,2020,529512187500
Austria,AUT,2021,552159500000
Austria,AUT,2022,580689812500
Austria,AUT,2023,573871937500
Azerbaijan,AZE,2013,198866781250
Azerbaijan,AZE,2014,203530953125
Azerbaijan,AZE,2015,170625625000
Azerbaijan,AZE,2016,163563437500
Azerbaijan,AZE,2017,158394234375
Azerbaijan,AZE,2018,168580281250
Azerbaijan,AZE,2019,183601906250
Azerbaijan,AZE,2020,178900640625
Azerbaijan,AZE,2021,199111312500
Azerbaijan,AZE,2022,214046203125
Azerbaijan,AZE,2023,210945484375
Bahamas,BHS,2013,12154535156
Bahamas,BHS,2014,13657843750
Bahamas,BHS,2015,12688862304
Bahamas,BHS,2016,12406380859
Bahamas,BHS,2017,12833649414
Bahamas,BHS,2018,12641714843
Bahamas,BHS,2019,13051779296
Bahamas,BHS,2020,9785149414
Bahamas,BHS,2021,10745084960
Bahamas,BHS,2022,13552598632
Bahamas,BHS,2023,13737912109
Bahrain,BHR,2013,79092250000
Bahrain,BHR,2014,78733203125
Bahrain,BHR,2015,73269429687
Bahrain,BHR,2016,74042687500
Bahrain,BHR,2017,82182554687
Bahrain,BHR,2018,82461656250
Bahrain,BHR,2019,88810039062
Bahrain,BHR,2020,88523140625
Bahrain,BHR,2021,83350445312
Bahrain,BHR,2022,91651687500
Bahrain,BHR,2023,84470015625
Bangladesh,BGD,2013,620496750000
Bangladesh,BGD,2014,683595187500
Bangladesh,BGD,2015,758707312500
Bangladesh,BGD,2016,816592687500
Bangladesh,BGD,2017,864835875000
Bangladesh,BGD,2018,963495500000
Bangladesh,BGD,2019,1044281312500
Bangladesh,BGD,2020,1129486875000
Bangladesh,BGD,2021,1227560250000
Bangladesh,BGD,2022,1322660875000
Bangladesh,BGD,2023,1360665750000
Barbados,BRB,2013,4180844726
Barbados,BRB,2014,4175398437
Barbados,BRB,2015,3866877685
Barbados,BRB,2016,3724056396
Barbados,BRB,2017,3603083984
Barbados,BRB,2018,3251771972
Barbados,BRB,2019,3101759765
Barbados,BRB,2020,2962193359
Barbados,BRB,2021,2634298583
Barbados,BRB,2022,2786053710
Barbados,BRB,2023,3057990966
Belarus,BLR,2013,217054312500
Belarus,BLR,2014,210504000000
Belarus,BLR,2015,213442843750
Belarus,BLR,2016,209312687500
Belarus,BLR,2017,215587796875
Belarus,BLR,2018,218013500000
Belarus,BLR,2019,240199859375
Belarus,BLR,2020,252348906250
Belarus,BLR,2021,260045796875
Belarus,BLR,2022,245962328125
Belarus,BLR,2023,261406296875
Belgium,BEL,2013,562576062500
Belgium,BEL,2014,568640062500
Belgium,BEL,2015,550429250000
Belgium,BEL,2016,562648875000
Belgium,BEL,2017,581319937500
Belgium,BEL,2018,578655500000
Belgium,BEL,2019,618203937500
Belgium,BEL,2020,601604125000
Belgium,BEL,2021,642660375000
Belgium,BEL,2022,670287125000
Belgium,BEL,2023,680784250000
Belize,BLZ,2013,3657417724
Belize,BLZ,2014,3727489013
Belize,BLZ,2015,3551039306
Belize,BLZ,2016,3485989501
Belize,BLZ,2017,3438310791
Belize,BLZ,2018,3587720458
Belize,BLZ,2019,4034857666
Belize,BLZ,2020,3792997314
Belize,BLZ,2021,4346457031
Belize,BLZ,2022,4820231933
Belize,BLZ,2023,4871197753
Benin,BEN,2013,32673773437
Benin,BEN,2014,35088058593
Benin,BEN,2015,35773464843
Benin,BEN,2016,38102953125
Benin,BEN,2017,38104097656
Benin,BEN,2018,39160246093
Benin,BEN,2019,42154648437
Benin,BEN,2020,42932324218
Benin,BEN,2021,44400882812
Benin,BEN,2022,46589128906
Benin,BEN,2023,49002304687
Bermuda,BMU,2013,3436119873
Bermuda,BMU,2014,3394206054
Bermuda,BMU,2015,3174081542
Bermuda,BMU,2016,3069237548
Bermuda,BMU,2017,3112769775
Bermuda,BMU,2018,3389985839
Bermuda,BMU,2019,3759410644
Bermuda,BMU,2020,3961225830
Bermuda,BMU,2021,3989222656
Bermuda,BMU,2022,3793427734
Bermuda,BMU,2023,4022883056
Bhutan,BTN,2013,7071593750
Bhutan,BTN,2014,7886618652
Bhutan,BTN,2015,8902900390
Bhutan,BTN,2016,9846333984
Bhutan,BTN,2017,10089825195
Bhutan,BTN,2018,10038928710
Bhutan,BTN,2019,10887698242
Bhutan,BTN,2020,10382362304
Bhutan,BTN,2021,10795491210
Bhutan,BTN,2022,10630680664
Bhutan,BTN,2023,11336246093
Bolivia,BOL,2013,82698515625
Bolivia,BOL,2014,86817328125
Bolivia,BOL,2015,88699171875
Bolivia,BOL,2016,93750429687
Bolivia,BOL,2017,101488898437
Bolivia,BOL,2018,106863398437
Bolivia,BOL,2019,111790273437
Bolivia,BOL,2020,102020945312
Bolivia,BOL,2021,110758132812
Bolivia,BOL,2022,114239132812
Bolivia,BOL,2023,118029375000
Bosnia and Herzegovina,BIH,2013,43203757812
Bosnia and Herzegovina,BIH,2014,43852011718
Bosnia and Herzegovina,BIH,2015,45601562500
Bosnia and Herzegovina,BIH,2016,46992078125
Bosnia and Herzegovina,BIH,2017,47975488281
Bosnia and Herzegovina,BIH,2018,49770558593
Bosnia and Herzegovina,BIH,2019,54212199218
Bosnia and Herzegovina,BIH,2020,51509347656
Bosnia and Herzegovina,BIH,2021,55077035156
Bosnia and Herzegovina,BIH,2022,60720468750
Bosnia and Herzegovina,BIH,2023,60592335937
Botswana,BWA,2013,33901343750
Botswana,BWA,2014,37798722656
Botswana,BWA,2015,36046710937
Botswana,BWA,2016,39302070312
Botswana,BWA,2017,40431375000
Botswana,BWA,2018,39176179687
Botswana,BWA,2019,40841519531
Botswana,BWA,2020,37380679687
Botswana,BWA,2021,41096707031
Botswana,BWA,2022,43226519531
Botswana,BWA,2023,45587988281
Brazil,BRA,2013,3652108500000
Brazil,BRA,2014,3654846250000
Brazil,BRA,2015,3416016000000
Brazil,BRA,2016,3255081750000
Brazil,BRA,2017,3283744000000
Brazil,BRA,2018,3420925500000
Brazil,BRA,2019,3557299250000
Brazil,BRA,2020,3476453250000
Brazil,BRA,2021,3671084750000
Brazil,BRA,2022,3813928500000
Brazil,BRA,2023,3951004250000
British Virgin Islands,VGB,2013,1258946166
British Virgin Islands,VGB,2014,1380095703
British Virgin Islands,VGB,2015,1307210449
British Virgin Islands,VGB,2016,1355184936
British Virgin Islands,VGB,2017,1348045776
British Virgin Islands,VGB,2018,1423690551
British Virgin Islands,VGB,2019,1524782958
British Virgin Islands,VGB,2020,1476278320
British Virgin Islands,VGB,2021,1516112304
British Virgin Islands,VGB,2022,1549636840
British Virgin Islands,VGB,2023,1592459350
Brunei,BRN,2013,47232769531
Brunei,BRN,2014,42874285156
Brunei,BRN,2015,33562082031
Brunei,BRN,2016,31519984375
Brunei,BRN,2017,32860464843
Brunei,BRN,2018,33839308593
Brunei,BRN,2019,37740734375
Brunei,BRN,2020,40904546875
Brunei,BRN,2021,37563667968
Brunei,BRN,2022,37593492187
Brunei,BRN,2023,38622917968
Bulgaria,BGR,2013,132464984375
Bulgaria,BGR,2014,137161250000
Bulgaria,BGR,2015,142156906250
Bulgaria,BGR,2016,149525390625
Bulgaria,BGR,2017,155707531250
Bulgaria,BGR,2018,159324906250
Bulgaria,BGR,2019,172616546875
Bulgaria,BGR,2020,166418390625
Bulgaria,BGR,2021,182690359375
Bulgaria,BGR,2022,190510062500
Bulgaria,BGR,2023,191771515625
Burkina Faso,BFA,2013,34344492187
Burkina Faso,BFA,2014,34418398437
Burkina Faso,BFA,2015,35953050781
Burkina Faso,BFA,2016,40366390625
Burkina Faso,BFA,2017,43479019531
Burkina Faso,BFA,2018,44655402343
Burkina Faso,BFA,2019,47943683593
Burkina Faso,BFA,2020,49866855468
Burkina Faso,BFA,2021,51092968750
Burkina Faso,BFA,2022,52484335937
Burkina Faso,BFA,2023,54363855468
Burundi,BDI,2013,9255344726
Burundi,BDI,2014,9755658203
Burundi,BDI,2015,9717449218
Burundi,BDI,2016,10207339843
Burundi,BDI,2017,10453448242
Burundi,BDI,2018,10891030273
Burundi,BDI,2019,12343034179
Burundi,BDI,2020,12321805664
Burundi,BDI,2021,12783431640
Burundi,BDI,2022,13153942382
Burundi,BDI,2023,13563051757
Cambodia,KHM,2013,64085601562
Cambodia,KHM,2014,67824648437
Cambodia,KHM,2015,75239179687
Cambodia,KHM,2016,80562101562
Cambodia,KHM,2017,86018750000
Cambodia,KHM,2018,95526609375
Cambodia,KHM,2019,102418742187
Cambodia,KHM,2020,96975015625
Cambodia,KHM,2021,101935984375
Cambodia,KHM,2022,104305476562
Cambodia,KHM,2023,100914046875
Cameroon,CMR,2013,82847773437
Cameroon,CMR,2014,87602914062
Cameroon,CMR,2015,91481445312
Cameroon,CMR,2016,96406359375
Cameroon,CMR,2017,99667812500
Cameroon,CMR,2018,108674335937
Cameroon,CMR,2019,117418101562
Cameroon,CMR,2020,120450281250
Cameroon,CMR,2021,128488562500
Cameroon,CMR,2022,133903812500
Cameroon,CMR,2023,137202734375
Canada,CAN,2013,1907993000000
Canada,CAN,2014,1986020250000
Canada,CAN,2015,1881763000000
Canada,CAN,2016,1911216125000
Canada,CAN,2017,1994673500000
Canada,CAN,2018,2032998875000
Canada,CAN,2019,2033456000000
Canada,CAN,2020,1954253250000
Canada,CAN,2021,2064151000000
Canada,CAN,2022,2137410750000
Canada,CAN,2023,2165437000000
Cape Verde,CPV,2013,3962031250
Cape Verde,CPV,2014,3986909179
Cape Verde,CPV,2015,4190636230
Cape Verde,CPV,2016,4588964355
Cape Verde,CPV,2017,4884495605
Cape Verde,CPV,2018,4550994628
Cape Verde,CPV,2019,4972380371
Cape Verde,CPV,2020,3913856689
Cape Verde,CPV,2021,4233982421
Cape Verde,CPV,2022,4737887695
Cape Verde,CPV,2023,4966844726
Cayman Islands,CYM,2013,4010369140
Cayman Islands,CYM,2014,4142217773
Cayman Islands,CYM,2015,4373197753
Central African Republic,CAF,2013,4254056152
Central African Republic,CAF,2014,3920149658
Central African Republic,CAF,2015,4381638671
Central African Republic,CAF,2016,4648332031
Central African Republic,CAF,2017,4787740722
Central African Republic,CAF,2018,4993853515
Central African Republic,CAF,2019,5412057128
Central African Republic,CAF,2020,5813894042
Central African Republic,CAF,2021,5952189453
Central African Republic,CAF,2022,5923801269
Central African Republic,CAF,2023,5659348144
Chad,TCD,2013,31590802734
Chad,TCD,2014,33739707031
Chad,TCD,2015,38704019531
Chad,TCD,2016,35726679687
Chad,TCD,2017,35732457031
Chad,TCD,2018,38321042968
Chad,TCD,2019,40530207031
Chad,TCD,2020,39008335937
Chad,TCD,2021,39079578125
Chad,TCD,2022,41662535156
Chad,TCD,2023,41826343750
Chile,CHL,2013,459983750000
Chile,CHL,2014,471756250000
Chile,CHL,2015,468266343750
Chile,CHL,2016,465918156250
Chile,CHL,2017,484829531250
Chile,CHL,2018,497876593750
Chile,CHL,2019,502701281250
Chile,CHL,2020,477752968750
Chile,CHL,2021,504465437500
Chile,CHL,2022,512890281250
Chile,CHL,2023,515928281250
China,CHN,2013,18261158000000
China,CHN,2014,19368888000000
China,CHN,2015,20237132000000
China,CHN,2016,21130488000000
China,CHN,2017,22465814000000
China,CHN,2018,23953140000000
China,CHN,2019,25585278000000
China,CHN,2020,26000864000000
China,CHN,2021,28653542000000
China,CHN,2022,29426844000000
China,CHN,2023,30937840000000
Colombia,COL,2013,709629625000
Colombia,COL,2014,730171750000
Colombia,COL,2015,722604500000
Colombia,COL,2016,708380000000
Colombia,COL,2017,718355437500
Colombia,COL,2018,758082312500
Colombia,COL,2019,807644000000
Colombia,COL,2020,769266312500
Colombia,COL,2021,837966375000
Colombia,COL,2022,903032437500
Colombia,COL,2023,915366375000
Comoros,COM,2013,2423239990
Comoros,COM,2014,2501561035
Comoros,COM,2015,2554566894
Comoros,COM,2016,2716672363
Comoros,COM,2017,2833887207
Comoros,COM,2018,2880760009
Comoros,COM,2019,2910495361
Comoros,COM,2020,3061354492
Comoros,COM,2021,2895248779
Comoros,COM,2022,2926049560
Comoros,COM,2023,3247386474
Congo,COG,2013,36017214843
Congo,COG,2014,35320074218
Congo,COG,2015,28105386718
Congo,COG,2016,24919570312
Congo,COG,2017,25554800781
Congo,COG,2018,33140808593
Congo,COG,2019,36246171875
Congo,COG,2020,36607527343
Congo,COG,2021,36418164062
Congo,COG,2022,37893523437
Congo,COG,2023,38477667968
Costa Rica,CRI,2013,79813562500
Costa Rica,CRI,2014,85357476562
Costa Rica,CRI,2015,92246539062
Costa Rica,CRI,2016,97737687500
Costa Rica,CRI,2017,106732843750
Costa Rica,CRI,2018,110604882812
Costa Rica,CRI,2019,120460648437
Costa Rica,CRI,2020,112532750000
Costa Rica,CRI,2021,120385226562
Costa Rica,CRI,2022,124281601562
Costa Rica,CRI,2023,128208718750
Cote d'Ivoire,CIV,2013,90471593750
Cote d'Ivoire,CIV,2014,105660320312
Cote d'Ivoire,CIV,2015,121817617187
Cote d'Ivoire,CIV,2016,128074750000
Cote d'Ivoire,CIV,2017,134862031250
Cote d'Ivoire,CIV,2018,143962750000
Cote d'Ivoire,CIV,2019,159625890625
Cote d'Ivoire,CIV,2020,158187843750
Cote d'Ivoire,CIV,2021,167492093750
Cote d'Ivoire,CIV,2022,175717203125
Cote d'Ivoire,CIV,2023,187801453125
Croatia,HRV,2013,103608718750
Croatia,HRV,2014,103134929687
Croatia,HRV,2015,108696523437
Croatia,HRV,2016,112694757812
Croatia,HRV,2017,122517554687
Croatia,HRV,2018,118657679687
Croatia,HRV,2019,129879062500
Croatia,HRV,2020,117185265625
Croatia,HRV,2021,130916007812
Croatia,HRV,2022,138125703125
Croatia,HRV,2023,142371109375
Curacao,CUW,2013,4056032958
Curacao,CUW,2014,3983452148
Curacao,CUW,2015,4011877197
Curacao,CUW,2016,3956086425
Curacao,CUW,2017,3906096679
Curacao,CUW,2018,3831338623
Curacao,CUW,2019,3992059570
Curacao,CUW,2020,3294338134
Curacao,CUW,2021,3703009765
Curacao,CUW,2022,3921614013
Curacao,CUW,2023,4159500976
Cyprus,CYP,2013,25330330078
Cyprus,CYP,2014,23961695312
Cyprus,CYP,2015,25570353515
Cyprus,CYP,2016,28044974609
Cyprus,CYP,2017,28834960937
Cyprus,CYP,2018,28381560546
Cyprus,CYP,2019,33112468750
Cyprus,CYP,2020,30991033203
Cyprus,CYP,2021,32400568359
Cyprus,CYP,2022,31429230468
Cyprus,CYP,2023,32687408203
Czechia,CZE,2013,364094843750
Czechia,CZE,2014,382240125000
Czechia,CZE,2015,391553250000
Czechia,CZE,2016,403992812500
Czechia,CZE,2017,429960406250
Czechia,CZE,2018,441835593750
Czechia,CZE,2019,477791156250
Czechia,CZE,2020,453493625000
Czechia,CZE,2021,470836031250
Czechia,CZE,2022,483814468750
Czechia,CZE,2023,483871062500
Democratic Republic of Congo,COD,2013,65075902343
Democratic Republic of Congo,COD,2014,72426812500
Democratic Republic of Congo,COD,2015,79513781250
Democratic Republic of Congo,COD,2016,91818335937
Democratic Republic of Congo,COD,2017,89488437500
Democratic Republic of Congo,COD,2018,97245210937
Democratic Republic of Congo,COD,2019,98540929687
Democratic Republic of Congo,COD,2020,100213546875
Democratic Republic of Congo,COD,2021,102406328125
Democratic Republic of Congo,COD,2022,107168101562
Democratic Republic of Congo,COD,2023,113414796875
Denmark,DNK,2013,304734437500
Denmark,DNK,2014,304589718750
Denmark,DNK,2015,302084250000
Denmark,DNK,2016,313261968750
Denmark,DNK,2017,329505218750
Denmark,DNK,2018,333753562500
Denmark,DNK,2019,353562531250
Denmark,DNK,2020,355458781250
Denmark,DNK,2021,380996625000
Denmark,DNK,2022,393465437500
Denmark,DNK,2023,391999718750
Djibouti,DJI,2013,4385749511
Djibouti,DJI,2014,4680288574
Djibouti,DJI,2015,5043654785
Djibouti,DJI,2016,5139667968
Djibouti,DJI,2017,5024771972
Djibouti,DJI,2018,4957279785
Djibouti,DJI,2019,6875519531
Djibouti,DJI,2020,7172972656
Djibouti,DJI,2021,6646776855
Djibouti,DJI,2022,7861070312
Djibouti,DJI,2023,9494968750
Dominica,DMA,2013,773811889
Dominica,DMA,2014,816451660
Dominica,DMA,2015,785734619
Dominica,DMA,2016,843585083
Dominica,DMA,2017,787233276
Dominica,DMA,2018,863455566
Dominica,DMA,2019,997900329
Dominica,DMA,2020,884084533
Dominica,DMA,2021,980744995
Dominica,DMA,2022,1039817993
Dominica,DMA,2023,1065456787
Dominican Republic,DOM,2013,146392156250
Dominican Republic,DOM,2014,156031890625
Dominican Republic,DOM,2015,170759156250
Dominican Republic,DOM,2016,184887218750
Dominican Republic,DOM,2017,190983375000
Dominican Republic,DOM,2018,203853140625
Dominican Republic,DOM,2019,225275000000
Dominican Republic,DOM,2020,216032609375
Dominican Republic,DOM,2021,244760796875
Dominican Republic,DOM,2022,255117468750
Dominican Republic,DOM,2023,261550375000
Ecuador,ECU,2013,216297625000
Ecuador,ECU,2014,219988562500
Ecuador,ECU,2015,200496765625
Ecuador,ECU,2016,198460234375
Ecuador,ECU,2017,213358265625
Ecuador,ECU,2018,222580265625
Ecuador,ECU,2019,230845296875
Ecuador,ECU,2020,212802078125
Ecuador,ECU,2021,240372859375
Ecuador,ECU,2022,254771328125
Ecuador,ECU,2023,255126953125
Egypt,EGY,2013,1284389000000
Egypt,EGY,2014,1255056375000
Egypt,EGY,2015,1321415500000
Egypt,EGY,2016,1309957250000
Egypt,EGY,2017,1369770625000
Egypt,EGY,2018,1551012750000
Egypt,EGY,2019,1617667250000
Egypt,EGY,2020,1764861125000
Egypt,EGY,2021,1792245250000
Egypt,EGY,2022,1895654000000
Egypt,EGY,2023,1955516750000
El Salvador,SLV,2013,51002535156
El Salvador,SLV,2014,52863871093
El Salvador,SLV,2015,53139386718
El Salvador,SLV,2016,54470019531
El Salvador,SLV,2017,56152070312
El Salvador,SLV,2018,57944175781
El Salvador,SLV,2019,61247187500
El Salvador,SLV,2020,58363578125
El Salvador,SLV,2021,67252234375
El Salvador,SLV,2022,69184523437
El Salvador,SLV,2023,70951843750
Equatorial Guinea,GNQ,2013,52779214843
Equatorial Guinea,GNQ,2014,51207234375
Equatorial Guinea,GNQ,2015,36759480468
Equatorial Guinea,GNQ,2016,33591753906
Equatorial Guinea,GNQ,2017,37345398437
Equatorial Guinea,GNQ,2018,37880957031
Equatorial Guinea,GNQ,2019,36929558593
Equatorial Guinea,GNQ,2020,33537175781
Equatorial Guinea,GNQ,2021,35296953125
Equatorial Guinea,GNQ,2022,37000347656
Equatorial Guinea,GNQ,2023,35900164062
Estonia,EST,2013,42305679687
Estonia,EST,2014,43440566406
Estonia,EST,2015,42432621093
Estonia,EST,2016,43919074218
Estonia,EST,2017,46815613281
Estonia,EST,2018,49274457031
Estonia,EST,2019,52969195312
Estonia,EST,2020,52734351562
Estonia,EST,2021,55144558593
Estonia,EST,2022,54735910156
Estonia,EST,2023,51206734375
Eswatini,SWZ,2013,11019329101
Eswatini,SWZ,2014,11061137695
Eswatini,SWZ,2015,11050453125
Eswatini,SWZ,2016,11009632812
Eswatini,SWZ,2017,10685149414
Eswatini,SWZ,2018,10487533203
Eswatini,SWZ,2019,10726902343
Eswatini,SWZ,2020,10459078125
Eswatini,SWZ,2021,10647028320
Eswatini,SWZ,2022,10909714843
Eswatini,SWZ,2023,11028916015
Ethiopia,ETH,2013,150034578125
Ethiopia,ETH,2014,185025515625
Ethiopia,ETH,2015,201590375000
Ethiopia,ETH,2016,229132234375
Ethiopia,ETH,2017,243229140625
Ethiopia,ETH,2018,259030000000
Ethiopia,ETH,2019,282290968750
Ethiopia,ETH,2020,298918343750
Ethiopia,ETH,2021,350425375000
Ethiopia,ETH,2022,383375375000
Ethiopia,ETH,2023,406073656250
Fiji,FJI,2013,10351119140
Fiji,FJI,2014,11851327148
Fiji,FJI,2015,12634449218
Fiji,FJI,2016,12572369140
Fiji,FJI,2017,12864386718
Fiji,FJI,2018,13078940429
Fiji,FJI,2019,12868981445
Fiji,FJI,2020,10669666015
Fiji,FJI,2021,9718033203
Fiji,FJI,2022,11503384765
Fiji,FJI,2023,12859666992
Finland,FIN,2013,248420812500
Finland,FIN,2014,248858421875
Finland,FIN,2015,252765937500
Finland,FIN,2016,259089687500
Finland,FIN,2017,267207343750
Finland,FIN,2018,269611062500
Finland,FIN,2019,284717656250
Finland,FIN,2020,283637968750
Finland,FIN,2021,292107031250
Finland,FIN,2022,293108875000
Finland,FIN,2023,289576125000
France,FRA,2013,2955482750000
France,FRA,2014,2979857500000
France,FRA,2015,3026940750000
France,FRA,2016,3075205500000
France,FRA,2017,3143182500000
France,FRA,2018,3181847750000
France,FRA,2019,3486769500000
France,FRA,2020,3281382500000
France,FRA,2021,3428344500000
France,FRA,2022,3505982750000
France,FRA,2023,3533407500000
Gabon,GAB,2013,34220562500
Gabon,GAB,2014,34841675781
Gabon,GAB,2015,34037039062
Gabon,GAB,2016,34073941406
Gabon,GAB,2017,35319468750
Gabon,GAB,2018,36789238281
Gabon,GAB,2019,39948781250
Gabon,GAB,2020,40356890625
Gabon,GAB,2021,45881070312
Gabon,GAB,2022,50239808593
Gabon,GAB,2023,49004398437
Gambia,GMB,2013,5323683105
Gambia,GMB,2014,5200305664
Gambia,GMB,2015,5331369628
Gambia,GMB,2016,5333808593
Gambia,GMB,2017,5486639160
Gambia,GMB,2018,6136156738
Gambia,GMB,2019,6505671875
Gambia,GMB,2020,6412199707
Gambia,GMB,2021,7041867675
Gambia,GMB,2022,7446101074
Gambia,GMB,2023,7654778320
Georgia,GEO,2013,47669796875
Georgia,GEO,2014,50903140625
Georgia,GEO,2015,55063160156
Georgia,GEO,2016,58296757812
Georgia,GEO,2017,64103957031
Georgia,GEO,2018,66790492187
Georgia,GEO,2019,73780085937
Georgia,GEO,2020,71206960937
Georgia,GEO,2021,76675718750
Georgia,GEO,2022,84065414062
Georgia,GEO,2023,89425976562
Germany,DEU,2013,4392708500000
Germany,DEU,2014,4552257000000
Germany,DEU,2015,4502199500000
Germany,DEU,2016,4659970000000
Germany,DEU,2017,4834474500000
Germany,DEU,2018,4898259000000
Germany,DEU,2019,5069851000000
Germany,DEU,2020,4873794500000
Germany,DEU,2021,5043287000000
Germany,DEU,2022,5083222000000
Germany,DEU,2023,5071455500000
Ghana,GHA,2013,164161375000
Ghana,GHA,2014,178199812500
Ghana,GHA,2015,164768718750
Ghana,GHA,2016,163497687500
Ghana,GHA,2017,171923843750
Ghana,GHA,2018,178794890625
Ghana,GHA,2019,192342562500
Ghana,GHA,2020,192304359375
Ghana,GHA,2021,199613781250
Ghana,GHA,2022,207047578125
Ghana,GHA,2023,214890328125
Greece,GRC,2013,300741781250
Greece,GRC,2014,299162031250
Greece,GRC,2015,302182750000
Greece,GRC,2016,298136593750
Greece,GRC,2017,302921812500
Greece,GRC,2018,301458812500
Greece,GRC,2019,322968156250
Greece,GRC,2020,287940343750
Greece,GRC,2021,319047968750
Greece,GRC,2022,343832312500
Greece,GRC,2023,351551781250
Grenada,GRD,2013,1388609497
Grenada,GRD,2014,1506319335
Grenada,GRD,2015,1520457763
Grenada,GRD,2016,1589624389
Grenada,GRD,2017,1655816528
Grenada,GRD,2018,1787696899
Grenada,GRD,2019,1842079833
Grenada,GRD,2020,1601097900
Grenada,GRD,2021,1637987426
Grenada,GRD,2022,1764616577
Grenada,GRD,2023,1787290771
Guatemala,GTM,2013,130673812500
Guatemala,GTM,2014,141027375000
Guatemala,GTM,2015,149169734375
Guatemala,GTM,2016,158402234375
Guatemala,GTM,2017,170058671875
Guatemala,GTM,2018,171903765625
Guatemala,GTM,2019,180353593750
Guatemala,GTM,2020,180038000000
Guatemala,GTM,2021,204554937500
Guatemala,GTM,2022,212208625000
Guatemala,GTM,2023,221287953125
Guinea,GIN,2013,25337179687
Guinea,GIN,2014,26898863281
Guinea,GIN,2015,26544796875
Guinea,GIN,2016,28401371093
Guinea,GIN,2017,33579140625
Guinea,GIN,2018,36759773437
Guinea,GIN,2019,41152953125
Guinea,GIN,2020,42663968750
Guinea,GIN,2021,45835222656
Guinea,GIN,2022,47648785156
Guinea,GIN,2023,51115683593
Guinea-Bissau,GNB,2013,2816490722
Guinea-Bissau,GNB,2014,2905821044
Guinea-Bissau,GNB,2015,3361224121
Guinea-Bissau,GNB,2016,3673797363
Guinea-Bissau,GNB,2017,4002192626
Guinea-Bissau,GNB,2018,3905241455
Guinea-Bissau,GNB,2019,4368111328
Guinea-Bissau,GNB,2020,4289788574
Guinea-Bissau,GNB,2021,4642349609
Guinea-Bissau,GNB,2022,5102375976
Guinea-Bissau,GNB,2023,5251280273
Guyana,GUY,2013,8736826171
Guyana,GUY,2014,8804940429
Guyana,GUY,2015,9491682617
Guyana,GUY,2016,9607359375
Guyana,GUY,2017,9981528320
Guyana,GUY,2018,9810940429
Guyana,GUY,2019,12283314453
Guyana,GUY,2020,12391212890
Guyana,GUY,2021,17044201171
Guyana,GUY,2022,27291382812
Guyana,GUY,2023,35933109375
Haiti,HTI,2013,36286816406
Haiti,HTI,2014,37354519531
Haiti,HTI,2015,39290347656
Haiti,HTI,2016,39172785156
Haiti,HTI,2017,36116628906
Haiti,HTI,2018,35463941406
Haiti,HTI,2019,35040242187
Haiti,HTI,2020,36120574218
Haiti,HTI,2021,35630460937
Haiti,HTI,2022,35390960937
Haiti,HTI,2023,34538628906
Honduras,HND,2013,41914609375
Honduras,HND,2014,44962406250
Honduras,HND,2015,49829335937
Honduras,HND,2016,53475765625
Honduras,HND,2017,55298437500
Honduras,HND,2018,56931875000
Honduras,HND,2019,60530953125
Honduras,HND,2020,55756218750
Honduras,HND,2021,63891593750
Honduras,HND,2022,66499000000
Honduras,HND,2023,68596500000
Hong Kong,HKG,2013,550460562500
Hong Kong,HKG,2014,480766187500
Hong Kong,HKG,2015,420210687500
Hong Kong,HKG,2016,417317968750
Hong Kong,HKG,2017,411655437500
Hong Kong,HKG,2018,452654250000
Hong Kong,HKG,2019,454609781250
Hong Kong,HKG,2020,421492000000
Hong Kong,HKG,2021,440061687500
Hong Kong,HKG,2022,423640718750
Hong Kong,HKG,2023,436914125000
Hungary,HUN,2013,266536593750
Hungary,HUN,2014,272543906250
Hungary,HUN,2015,275262656250
Hungary,HUN,2016,276317437500
Hungary,HUN,2017,292068875000
Hungary,HUN,2018,301491468750
Hungary,HUN,2019,326413281250
Hungary,HUN,2020,311234500000
Hungary,HUN,2021,331579500000
Hungary,HUN,2022,342559718750
Hungary,HUN,2023,339900312500
Iceland,ISL,2013,16384527343
Iceland,ISL,2014,16587531250
Iceland,ISL,2015,17215996093
Iceland,ISL,2016,17460996093
Iceland,ISL,2017,18005277343
Iceland,ISL,2018,18855810546
Iceland,ISL,2019,21321246093
Iceland,ISL,2020,19979990234
Iceland,ISL,2021,21015160156
Iceland,ISL,2022,23119464843
Iceland,ISL,2023,24492322265
India,IND,2013,7373480500000
India,IND,2014,7724502000000
India,IND,2015,8138651000000
India,IND,2016,8632603000000
India,IND,2017,9123638000000
India,IND,2018,9960031000000
India,IND,2019,10489483000000
India,IND,2020,10056135000000
India,IND,2021,11613513000000
India,IND,2022,12409008000000
India,IND,2023,12868320000000
Indonesia,IDN,2013,2858555750000
Indonesia,IDN,2014,2946403250000
Indonesia,IDN,2015,2921526750000
Indonesia,IDN,2016,2983354000000
Indonesia,IDN,2017,3095332750000
Indonesia,IDN,2018,3284898750000
Indonesia,IDN,2019,3449461750000
Indonesia,IDN,2020,3298291750000
Indonesia,IDN,2021,3435082000000
Indonesia,IDN,2022,3763229000000
Indonesia,IDN,2023,3924527000000
Iran,IRN,2013,1578635375000
Iran,IRN,2014,1517044750000
Iran,IRN,2015,1321412500000
Iran,IRN,2016,1443460750000
Iran,IRN,2017,1457215625000
Iran,IRN,2018,1278960375000
Iran,IRN,2019,1348955750000
Iran,IRN,2020,1655785125000
Iran,IRN,2021,1288334375000
Iran,IRN,2022,1331834500000
Iran,IRN,2023,1341823750000
Iraq,IRQ,2013,639689562500
Iraq,IRQ,2014,578939937500
Iraq,IRQ,2015,421705187500
Iraq,IRQ,2016,410905093750
Iraq,IRQ,2017,478340312500
Iraq,IRQ,2018,554548750000
Iraq,IRQ,2019,580589000000
Iraq,IRQ,2020,527860062500
Iraq,IRQ,2021,584104062500
Iraq,IRQ,2022,624872125000
Iraq,IRQ,2023,618051000000
Ireland,IRL,2013,288368625000
Ireland,IRL,2014,314532500000
Ireland,IRL,2015,416424437500
Ireland,IRL,2016,440148031250
Ireland,IRL,2017,481645875000
Ireland,IRL,2018,501782781250
Ireland,IRL,2019,576583187500
Ireland,IRL,2020,607980000000
Ireland,IRL,2021,686363250000
Ireland,IRL,2022,752304000000
Ireland,IRL,2023,688778187500
Israel,ISR,2013,312354625000
Israel,ISR,2014,319306031250
Israel,ISR,2015,331813906250
Israel,ISR,2016,352581656250
Israel,ISR,2017,360319375000
Israel,ISR,2018,345903656250
Israel,ISR,2019,350157937500
Israel,ISR,2020,346677156250
Israel,ISR,2021,372511937500
Israel,ISR,2022,392636250000
Israel,ISR,2023,408450156250
Italy,ITA,2013,2481046250000
Italy,ITA,2014,2476002250000
Italy,ITA,2015,2486019250000
Italy,ITA,2016,2619778250000
Italy,ITA,2017,2697447250000
Italy,ITA,2018,2698521250000
Italy,ITA,2019,2823307500000
Italy,ITA,2020,2583660000000
Italy,ITA,2021,2849701250000
Italy,ITA,2022,2977718750000
Italy,ITA,2023,3004023000000
Jamaica,JAM,2013,25289478515
Jamaica,JAM,2014,25532683593
Jamaica,JAM,2015,25637025390
Jamaica,JAM,2016,26008744140
Jamaica,JAM,2017,26655251953
Jamaica,JAM,2018,26776945312
Jamaica,JAM,2019,27010148437
Jamaica,JAM,2020,24667001953
Jamaica,JAM,2021,26265351562
Jamaica,JAM,2022,26980910156
Jamaica,JAM,2023,26849064453
Japan,JPN,2013,5675222500000
Japan,JPN,2014,5580816000000
Japan,JPN,2015,5744858000000
Japan,JPN,2016,5660493000000
Japan,JPN,2017,5629773500000
Japan,JPN,2018,5557011500000
Japan,JPN,2019,5538041000000
Japan,JPN,2020,5301858500000
Japan,JPN,2021,5380121500000
Japan,JPN,2022,5390744500000
Japan,JPN,2023,5505348000000
Jordan,JOR,2013,99309890625
Jordan,JOR,2014,100592242187
Jordan,JOR,2015,101118984375
Jordan,JOR,2016,100532109375
Jordan,JOR,2017,108793632812
Jordan,JOR,2018,105351031250
Jordan,JOR,2019,108773906250
Jordan,JOR,2020,113659406250
Jordan,JOR,2021,108329875000
Jordan,JOR,2022,104495773437
Jordan,JOR,2023,106258539062
Kazakhstan,KAZ,2013,534062125000
Kazakhstan,KAZ,2014,530435937500
Kazakhstan,KAZ,2015,489063218750
Kazakhstan,KAZ,2016,491053281250
Kazakhstan,KAZ,2017,526563187500
Kazakhstan,KAZ,2018,521575812500
Kazakhstan,KAZ,2019,606412125000
Kazakhstan,KAZ,2020,614260000000
Kazakhstan,KAZ,2021,630699375000
Kazakhstan,KAZ,2022,650495062500
Kazakhstan,KAZ,2023,697153625000
Kenya,KEN,2013,171488968750
Kenya,KEN,2014,187866906250
Kenya,KEN,2015,205035921875
Kenya,KEN,2016,217831578125
Kenya,KEN,2017,231593000000
Kenya,KEN,2018,247732031250
Kenya,KEN,2019,265331031250
Kenya,KEN,2020,266290437500
Kenya,KEN,2021,284741937500
Kenya,KEN,2022,297434468750
Kenya,KEN,2023,315389781250
Kuwait,KWT,2013,362494843750
Kuwait,KWT,2014,333469312500
Kuwait,KWT,2015,227242046875
Kuwait,KWT,2016,226529171875
Kuwait,KWT,2017,245263703125
Kuwait,KWT,2018,273026031250
Kuwait,KWT,2019,277222718750
Kuwait,KWT,2020,260248625000
Kuwait,KWT,2021,255901687500
Kuwait,KWT,2022,280052562500
Kuwait,KWT,2023,266112468750
Kyrgyzstan,KGZ,2013,33155433593
Kyrgyzstan,KGZ,2014,46246605468
Kyrgyzstan,KGZ,2015,33475152343
Kyrgyzstan,KGZ,2018,41975496093
Kyrgyzstan,KGZ,2019,44484535156
Kyrgyzstan,KGZ,2020,42530949218
Kyrgyzstan,KGZ,2021,46861070312
Kyrgyzstan,KGZ,2022,58746460937
Kyrgyzstan,KGZ,2023,69961773437
Laos,LAO,2013,44104171875
Laos,LAO,2014,47656664062
Laos,LAO,2015,48630007812
Laos,LAO,2016,52861761718
Laos,LAO,2017,56083132812
Laos,LAO,2018,57868597656
Laos,LAO,2019,59726218750
Laos,LAO,2020,59517519531
Laos,LAO,2021,57733046875
Laos,LAO,2022,60254996093
Laos,LAO,2023,64498902343
Latvia,LVA,2013,49223093750
Latvia,LVA,2014,51217281250
Latvia,LVA,2015,53023632812
Latvia,LVA,2016,54215824218
Latvia,LVA,2017,57072085937
Latvia,LVA,2018,58304828125
Latvia,LVA,2019,61475328125
Latvia,LVA,2020,60469222656
Latvia,LVA,2021,62903246093
Latvia,LVA,2022,63486945312
Latvia,LVA,2023,65017234375
Lebanon,LBN,2013,111621078125
Lebanon,LBN,2014,118655218750
Lebanon,LBN,2015,128357929687
Lebanon,LBN,2016,138993296875
Lebanon,LBN,2017,143907515625
Lebanon,LBN,2018,148083375000
Lebanon,LBN,2019,149214390625
Lebanon,LBN,2020,71401976562
Lebanon,LBN,2021,74459250000
Lebanon,LBN,2022,75134242187
Lebanon,LBN,2023,74007835937
Lesotho,LSO,2013,6608357421
Lesotho,LSO,2014,7098226562
Lesotho,LSO,2015,7623647949
Lesotho,LSO,2016,7273609375
Lesotho,LSO,2017,6963218750
Lesotho,LSO,2018,6405878417
Lesotho,LSO,2019,5980038574
Lesotho,LSO,2020,5376541992
Lesotho,LSO,2021,5164288085
Lesotho,LSO,2022,5239929687
Lesotho,LSO,2023,5353710449
Liberia,LBR,2013,5239659179
Liberia,LBR,2014,5930707519
Liberia,LBR,2015,7606396484
Liberia,LBR,2016,8400814453
Liberia,LBR,2017,9207628906
Liberia,LBR,2018,9818020507
Liberia,LBR,2019,10468502929
Liberia,LBR,2020,10089306640
Liberia,LBR,2021,9356507812
Liberia,LBR,2022,9075230468
Liberia,LBR,2023,9152124023
Lithuania,LTU,2013,85986250000
Lithuania,LTU,2014,89104765625
Lithuania,LTU,2015,89350921875
Lithuania,LTU,2016,91021414062
Lithuania,LTU,2017,95052156250
Lithuania,LTU,2018,98667437500
Lithuania,LTU,2019,107112007812
Lithuania,LTU,2020,105477812500
Lithuania,LTU,2021,116447218750
Lithuania,LTU,2022,118125632812
Lithuania,LTU,2023,119061460937
Luxembourg,LUX,2013,39849300781
Luxembourg,LUX,2014,45759621093
Luxembourg,LUX,2015,52155031250
Luxembourg,LUX,2016,54426042968
Luxembourg,LUX,2017,58716808593
Luxembourg,LUX,2018,55774613281
Luxembourg,LUX,2019,61497171875
Luxembourg,LUX,2020,58604359375
Luxembourg,LUX,2021,64977242187
Luxembourg,LUX,2022,63630312500
Luxembourg,LUX,2023,62787980468
Macao,MAC,2013,87055125000
Macao,MAC,2014,91477640625
Macao,MAC,2015,64429019531
Macao,MAC,2016,60600957031
Macao,MAC,2017,63271652343
Macao,MAC,2018,68890296875
Macao,MAC,2019,66132421875
Macao,MAC,2020,29813839843
Macao,MAC,2021,28891734375
Macao,MAC,2022,22468935546
Macao,MAC,2023,46163070312
Madagascar,MDG,2013,43397769531
Madagascar,MDG,2014,43358613281
Madagascar,MDG,2015,44442636718
Madagascar,MDG,2016,46590914062
Madagascar,MDG,2017,46004402343
Madagascar,MDG,2018,44975632812
Madagascar,MDG,2019,48183304687
Madagascar,MDG,2020,44753078125
Madagascar,MDG,2021,47051292968
Madagascar,MDG,2022,48310593750
Madagascar,MDG,2023,50093558593
Malawi,MWI,2013,23837691406
Malawi,MWI,2014,23189699218
Malawi,MWI,2015,24982306640
Malawi,MWI,2016,25142212890
Malawi,MWI,2017,26909718750
Malawi,MWI,2018,27389710937
Malawi,MWI,2019,30180312500
Malawi,MWI,2020,32331197265
Malawi,MWI,2021,36557078125
Malawi,MWI,2022,36238417968
Malawi,MWI,2023,36883421875
Malaysia,MYS,2013,798719062500
Malaysia,MYS,2014,813344187500
Malaysia,MYS,2015,806247812500
Malaysia,MYS,2016,835835500000
Malaysia,MYS,2017,874529500000
Malaysia,MYS,2018,953487250000
Malaysia,MYS,2019,949095562500
Malaysia,MYS,2020,909412000000
Malaysia,MYS,2021,940874562500
Malaysia,MYS,2022,1021068625000
Malaysia,MYS,2023,1067653875000
Maldives,MDV,2013,8748526367
Maldives,MDV,2014,9959764648
Maldives,MDV,2015,9133110351
Maldives,MDV,2016,9886624023
Maldives,MDV,2017,10748479492
Maldives,MDV,2018,12089857421
Maldives,MDV,2019,13014817382
Maldives,MDV,2020,7998800781
Maldives,MDV,2021,10144619140
Maldives,MDV,2022,9731006835
Maldives,MDV,2023,9751831054
Mali,MLI,2013,35265898437
Mali,MLI,2014,38514820312
Mali,MLI,2015,38719339843
Mali,MLI,2016,43629718750
Mali,MLI,2017,47939156250
Mali,MLI,2018,50512417968
Mali,MLI,2019,53391550781
Mali,MLI,2020,50589734375
Mali,MLI,2021,51167468750
Mali,MLI,2022,54973996093
Mali,MLI,2023,61185332031
Malta,MLT,2013,13224354492
Malta,MLT,2014,13430987304
Malta,MLT,2015,16267505859
Malta,MLT,2016,16368257812
Malta,MLT,2017,18498818359
Malta,MLT,2018,19796240234
Malta,MLT,2019,21630884765
Malta,MLT,2020,20841734375
Malta,MLT,2021,24207162109
Malta,MLT,2022,23366611328
Malta,MLT,2023,24939763671
Mauritania,MRT,2013,20729130859
Mauritania,MRT,2014,19650822265
Mauritania,MRT,2015,20960933593
Mauritania,MRT,2016,22240011718
Mauritania,MRT,2017,25439902343
Mauritania,MRT,2018,24233669921
Mauritania,MRT,2019,25795794921
Mauritania,MRT,2020,24844140625
Mauritania,MRT,2021,25934945312
Mauritania,MRT,2022,27047931640
Mauritania,MRT,2023,29042595703
Mauritius,MUS,2013,27561302734
Mauritius,MUS,2014,28403517578
Mauritius,MUS,2015,28690957031
Mauritius,MUS,2016,31368275390
Mauritius,MUS,2017,32170820312
Mauritius,MUS,2018,31817996093
Mauritius,MUS,2019,32713687500
Mauritius,MUS,2020,28785636718
Mauritius,MUS,2021,29899675781
Mauritius,MUS,2022,34687484375
Mauritius,MUS,2023,35380136718
Mexico,MEX,2013,2512344000000
Mexico,MEX,2014,2536045500000
Mexico,MEX,2015,2563243250000
Mexico,MEX,2016,2657183500000
Mexico,MEX,2017,2676256000000
Mexico,MEX,2018,2676014250000
Mexico,MEX,2019,2616407750000
Mexico,MEX,2020,2395753750000
Mexico,MEX,2021,2510266250000
Mexico,MEX,2022,2577845750000
Mexico,MEX,2023,2596760000000
Moldova,MDA,2013,29689125000
Moldova,MDA,2014,31738138671
Moldova,MDA,2015,32581705078
Moldova,MDA,2016,35825230468
Moldova,MDA,2017,39451601562
Moldova,MDA,2018,38609347656
Moldova,MDA,2019,43128550781
Moldova,MDA,2020,41707000000
Moldova,MDA,2021,45833527343
Moldova,MDA,2022,43754062500
Moldova,MDA,2023,34878371093
Mongolia,MNG,2013,38729863281
Mongolia,MNG,2014,37503140625
Mongolia,MNG,2015,36095339843
Mongolia,MNG,2016,35821097656
Mongolia,MNG,2017,36982757812
Mongolia,MNG,2018,40610054687
Mongolia,MNG,2019,44792808593
Mongolia,MNG,2020,44611925781
Mongolia,MNG,2021,43592582031
Mongolia,MNG,2022,46809664062
Mongolia,MNG,2023,52069988281
Montenegro,MNE,2013,11501546875
Montenegro,MNE,2014,11498800781
Montenegro,MNE,2015,12419416015
Montenegro,MNE,2016,12807268554
Montenegro,MNE,2017,13542207031
Montenegro,MNE,2018,13930054687
Montenegro,MNE,2019,15895379882
Montenegro,MNE,2020,12863390625
Montenegro,MNE,2021,14813563476
Montenegro,MNE,2022,15913086914
Montenegro,MNE,2023,16684541015
Montserrat,MSR,2013,99156661
Montserrat,MSR,2014,99963058
Montserrat,MSR,2015,87471916
Montserrat,MSR,2016,101409873
Montserrat,MSR,2017,93366981
Montserrat,MSR,2018,96056930
Montserrat,MSR,2019,103767555
Montserrat,MSR,2020,116911781
Montserrat,MSR,2021,104776138
Montserrat,MSR,2022,110250503
Montserrat,MSR,2023,119216506
Morocco,MAR,2013,306025875000
Morocco,MAR,2014,291668062500
Morocco,MAR,2015,319248250000
Morocco,MAR,2016,321436687500
Morocco,MAR,2017,331475781250
Morocco,MAR,2018,310083406250
Morocco,MAR,2019,316454968750
Morocco,MAR,2020,301452875000
Morocco,MAR,2021,325917531250
Morocco,MAR,2022,333650468750
Morocco,MAR,2023,341819187500
Mozambique,MOZ,2013,35255937500
Mozambique,MOZ,2014,38464789062
Mozambique,MOZ,2015,41045796875
Mozambique,MOZ,2016,45207378906
Mozambique,MOZ,2017,40669812500
Mozambique,MOZ,2018,42109773437
Mozambique,MOZ,2019,47072554687
Mozambique,MOZ,2020,46467652343
Mozambique,MOZ,2021,46434015625
Mozambique,MOZ,2022,49458058593
Mozambique,MOZ,2023,51894570312
Myanmar,MMR,2013,250579062500
Myanmar,MMR,2014,269152531250
Myanmar,MMR,2015,276168406250
Myanmar,MMR,2016,272583625000
Myanmar,MMR,2017,276284250000
Myanmar,MMR,2018,334744281250
Myanmar,MMR,2019,347598187500
Myanmar,MMR,2020,334284406250
Myanmar,MMR,2021,428511250000
Myanmar,MMR,2022,423268156250
Myanmar,MMR,2023,396321937500
Namibia,NAM,2013,24825425781
Namibia,NAM,2014,28998503906
Namibia,NAM,2015,29156687500
Namibia,NAM,2016,28401863281
Namibia,NAM,2017,27528976562
Namibia,NAM,2018,26214931640
Namibia,NAM,2019,25678625000
Namibia,NAM,2020,24991062500
Namibia,NAM,2021,26294257812
Namibia,NAM,2022,27284207031
Namibia,NAM,2023,28737808593
Nepal,NPL,2013,91451304687
Nepal,NPL,2014,99105875000
Nepal,NPL,2015,97544210937
Nepal,NPL,2016,103844601562
Nepal,NPL,2017,117814593750
Nepal,NPL,2018,128370734375
Nepal,NPL,2019,138098218750
Nepal,NPL,2020,133641296875
Nepal,NPL,2021,141524203125
Nepal,NPL,2022,153200015625
Nepal,NPL,2023,150854171875
Netherlands,NLD,2013,1057032125000
Netherlands,NLD,2014,1012964750000
Netherlands,NLD,2015,1005060562500
Netherlands,NLD,2016,1009259062500
Netherlands,NLD,2017,1059973625000
Netherlands,NLD,2018,1078930500000
Netherlands,NLD,2019,1128837875000
Netherlands,NLD,2020,1117582625000
Netherlands,NLD,2021,1201645375000
Netherlands,NLD,2022,1262114625000
Netherlands,NLD,2023,1263538125000
New Zealand,NZL,2013,184727359375
New Zealand,NZL,2014,191055984375
New Zealand,NZL,2015,193357703125
New Zealand,NZL,2016,205997328125
New Zealand,NZL,2017,213861359375
New Zealand,NZL,2018,213830640625
New Zealand,NZL,2019,227601000000
New Zealand,NZL,2020,229092062500
New Zealand,NZL,2021,233868359375
New Zealand,NZL,2022,239305640625
New Zealand,NZL,2023,243953765625
Nicaragua,NIC,2013,32858339843
Nicaragua,NIC,2014,35071542968
Nicaragua,NIC,2015,36983109375
Nicaragua,NIC,2016,39308359375
Nicaragua,NIC,2017,40582824218
Nicaragua,NIC,2018,39371460937
Nicaragua,NIC,2019,39753675781
Nicaragua,NIC,2020,40462617187
Nicaragua,NIC,2021,46532218750
Nicaragua,NIC,2022,47556593750
Nicaragua,NIC,2023,50060164062
Niger,NER,2013,23914500000
Niger,NER,2014,25478740234
Niger,NER,2015,26831343750
Niger,NER,2016,27140658203
Niger,NER,2017,27502011718
Niger,NER,2018,30231662109
Niger,NER,2019,34016781250
Niger,NER,2020,36031824218
Niger,NER,2021,37660355468
Niger,NER,2022,47466042968
Niger,NER,2023,50200968750
Nigeria,NGA,2013,1082126500000
Nigeria,NGA,2014,1157691125000
Nigeria,NGA,2015,1161259375000
Nigeria,NGA,2016,1125466500000
Nigeria,NGA,2017,1099292625000
Nigeria,NGA,2018,1116205500000
Nigeria,NGA,2019,1196034250000
Nigeria,NGA,2020,1201806875000
Nigeria,NGA,2021,1113843375000
Nigeria,NGA,2022,1084607250000
Nigeria,NGA,2023,1073451125000
North Macedonia,MKD,2013,30176585937
North Macedonia,MKD,2014,31794558593
North Macedonia,MKD,2015,33133792968
North Macedonia,MKD,2016,34950273437
North Macedonia,MKD,2017,35257527343
North Macedonia,MKD,2018,36390281250
North Macedonia,MKD,2019,38960707031
North Macedonia,MKD,2020,36976687500
North Macedonia,MKD,2021,39606585937
North Macedonia,MKD,2022,40431203125
North Macedonia,MKD,2023,40753898437
Norway,NOR,2013,532031312500
Norway,NOR,2014,502858406250
Norway,NOR,2015,424349625000
Norway,NOR,2016,409242406250
Norway,NOR,2017,428017812500
Norway,NOR,2018,470422625000
Norway,NOR,2019,480533125000
Norway,NOR,2020,477676750000
Norway,NOR,2021,528298062500
Norway,NOR,2022,570070812500
Norway,NOR,2023,545170437500
Oman,OMN,2013,243627203125
Oman,OMN,2014,228621406250
Oman,OMN,2015,193768406250
Oman,OMN,2016,188947734375
Oman,OMN,2017,188247703125
Oman,OMN,2018,198647203125
Oman,OMN,2019,197221125000
Oman,OMN,2020,184047734375
Oman,OMN,2021,201159015625
Oman,OMN,2022,218370828125
Oman,OMN,2023,220511968750
Pakistan,PAK,2013,1050513500000
Pakistan,PAK,2014,1084304000000
Pakistan,PAK,2015,1144422500000
Pakistan,PAK,2016,1176492625000
Pakistan,PAK,2017,1222195125000
Pakistan,PAK,2018,1259814375000
Pakistan,PAK,2019,1281830250000
Pakistan,PAK,2020,1257751750000
Pakistan,PAK,2021,1318652125000
Pakistan,PAK,2022,1391221625000
Pakistan,PAK,2023,1396247125000
Palestine,PSE,2013,26128882812
Palestine,PSE,2014,26909414062
Palestine,PSE,2015,30214804687
Palestine,PSE,2016,32419310546
Palestine,PSE,2017,32844070312
Palestine,PSE,2018,34177628906
Palestine,PSE,2019,40719687500
Palestine,PSE,2020,38370781250
Palestine,PSE,2021,37669585937
Palestine,PSE,2022,39315144531
Palestine,PSE,2023,37127351562
Panama,PAN,2013,94304789062
Panama,PAN,2014,105615718750
Panama,PAN,2015,112938914062
Panama,PAN,2016,125117109375
Panama,PAN,2017,142957968750
Panama,PAN,2018,142029468750
Panama,PAN,2019,147563046875
Panama,PAN,2020,120303601562
Panama,PAN,2021,136270671875
Panama,PAN,2022,154623515625
Panama,PAN,2023,164682671875
Paraguay,PRY,2013,84936718750
Paraguay,PRY,2014,88762070312
Paraguay,PRY,2015,88447093750
Paraguay,PRY,2016,92572585937
Paraguay,PRY,2017,96418718750
Paraguay,PRY,2018,95345406250
Paraguay,PRY,2019,98691445312
Paraguay,PRY,2020,97597085937
Paraguay,PRY,2021,99247640625
Paraguay,PRY,2022,98966335937
Paraguay,PRY,2023,102708289062
Peru,PER,2013,386527812500
Peru,PER,2014,393071437500
Peru,PER,2015,394474375000
Peru,PER,2016,404314812500
Peru,PER,2017,416951281250
Peru,PER,2018,433214468750
Peru,PER,2019,455560093750
Peru,PER,2020,415868656250
Peru,PER,2021,478283968750
Peru,PER,2022,488312406250
Peru,PER,2023,485290687500
Philippines,PHL,2013,757320625000
Philippines,PHL,2014,795449000000
Philippines,PHL,2015,828867562500
Philippines,PHL,2016,891891062500
Philippines,PHL,2017,938360500000
Philippines,PHL,2018,994595812500
Philippines,PHL,2019,1070056625000
Philippines,PHL,2020,958320000000
Philippines,PHL,2021,1020730875000
Philippines,PHL,2022,1101906750000
Philippines,PHL,2023,1161537875000
Poland,POL,2013,1080070250000
Poland,POL,2014,1098158750000
Poland,POL,2015,1155269750000
Poland,POL,2016,1179819500000
Poland,POL,2017,1228854625000
Poland,POL,2018,1275970375000
Poland,POL,2019,1389263750000
Poland,POL,2020,1365882000000
Poland,POL,2021,1457955250000
Poland,POL,2022,1527832000000
Poland,POL,2023,1519751375000
Portugal,PRT,2013,314558031250
Portugal,PRT,2014,315920906250
Portugal,PRT,2015,323684843750
Portugal,PRT,2016,332627062500
Portugal,PRT,2017,340573875000
Portugal,PRT,2018,341428312500
Portugal,PRT,2019,365600718750
Portugal,PRT,2020,335420062500
Portugal,PRT,2021,347459000000
Portugal,PRT,2022,372804187500
Portugal,PRT,2023,382109656250
Qatar,QAT,2013,437875781250
Qatar,QAT,2014,414289562500
Qatar,QAT,2015,318109781250
Qatar,QAT,2016,316127750000
Qatar,QAT,2017,334001843750
Qatar,QAT,2018,343677343750
Qatar,QAT,2019,356545937500
Qatar,QAT,2020,320201750000
Qatar,QAT,2021,327594906250
Qatar,QAT,2022,353047625000
Qatar,QAT,2023,347973156250
Romania,ROU,2013,435485187500
Romania,ROU,2014,449567625000
Romania,ROU,2015,474615593750
Romania,ROU,2016,493777531250
Romania,ROU,2017,543267375000
Romania,ROU,2018,561257500000
Romania,ROU,2019,619361687500
Romania,ROU,2020,600882062500
Romania,ROU,2021,623578000000
Romania,ROU,2022,644288562500
Romania,ROU,2023,661586500000
Russia,RUS,2013,4712963000000
Russia,RUS,2014,4517985500000
Russia,RUS,2015,4066104750000
Russia,RUS,2016,4066789750000
Russia,RUS,2017,4324931500000
Russia,RUS,2018,4584484500000
Russia,RUS,2019,5011988500000
Russia,RUS,2020,5019709000000
Russia,RUS,2021,5514912000000
Russia,RUS,2022,5416886500000
Russia,RUS,2023,5705165000000
Rwanda,RWA,2013,21359175781
Rwanda,RWA,2014,23185572265
Rwanda,RWA,2015,25305015625
Rwanda,RWA,2016,26469410156
Rwanda,RWA,2017,27310945312
Rwanda,RWA,2018,30517798828
Rwanda,RWA,2019,33214375000
Rwanda,RWA,2020,32839175781
Rwanda,RWA,2021,37184625000
Rwanda,RWA,2022,40584855468
Rwanda,RWA,2023,43788382812
Saint Kitts and Nevis,KNA,2013,1218933837
Saint Kitts and Nevis,KNA,2014,1305180541
Saint Kitts and Nevis,KNA,2015,1209188232
Saint Kitts and Nevis,KNA,2016,1164273925
Saint Kitts and Nevis,KNA,2017,1306565795
Saint Kitts and Nevis,KNA,2018,1312967285
Saint Kitts and Nevis,KNA,2019,1388290771
Saint Kitts and Nevis,KNA,2020,1137425781
Saint Kitts and Nevis,KNA,2021,1052948974
Saint Kitts and Nevis,KNA,2022,1163381103
Saint Kitts and Nevis,KNA,2023,1191344116
Saint Lucia,LCA,2013,2030688842
Saint Lucia,LCA,2014,2814146240
Saint Lucia,LCA,2015,2452496337
Saint Lucia,LCA,2016,2508160644
Saint Lucia,LCA,2017,2462123535
Saint Lucia,LCA,2018,3145079589
Saint Lucia,LCA,2019,3461673583
Saint Lucia,LCA,2020,2718829833
Saint Lucia,LCA,2021,3380680908
Saint Lucia,LCA,2022,4044415771
Saint Lucia,LCA,2023,4162523437
Saint Vincent and the Grenadines,VCT,2013,1331792602
Saint Vincent and the Grenadines,VCT,2014,1372020385
Saint Vincent and the Grenadines,VCT,2015,1342602294
Saint Vincent and the Grenadines,VCT,2016,1391949462
Saint Vincent and the Grenadines,VCT,2017,1357985473
Saint Vincent and the Grenadines,VCT,2018,1492083862
Saint Vincent and the Grenadines,VCT,2019,1545748291
Saint Vincent and the Grenadines,VCT,2020,1490522949
Saint Vincent and the Grenadines,VCT,2021,1487845458
Saint Vincent and the Grenadines,VCT,2022,1544711059
Saint Vincent and the Grenadines,VCT,2023,1646121704
Sao Tome and Principe,STP,2013,882630310
Sao Tome and Principe,STP,2014,1004887207
Sao Tome and Principe,STP,2015,1026184326
Sao Tome and Principe,STP,2016,872930969
Sao Tome and Principe,STP,2017,956822387
Sao Tome and Principe,STP,2018,1094261962
Sao Tome and Principe,STP,2019,1271360229
Sao Tome and Principe,STP,2020,1357525146
Sao Tome and Principe,STP,2021,1428253295
Sao Tome and Principe,STP,2022,1420127563
Sao Tome and Principe,STP,2023,1458836669
Saudi Arabia,SAU,2013,2086434625000
Saudi Arabia,SAU,2014,2120849750000
Saudi Arabia,SAU,2015,1905027625000
Saudi Arabia,SAU,2016,1804164000000
Saudi Arabia,SAU,2017,1819527625000
Saudi Arabia,SAU,2018,1906303500000
Saudi Arabia,SAU,2019,1903834000000
Saudi Arabia,SAU,2020,1774987625000
Saudi Arabia,SAU,2021,1873030125000
Saudi Arabia,SAU,2022,2039935375000
Saudi Arabia,SAU,2023,1964000500000
Senegal,SEN,2013,45132492187
Senegal,SEN,2014,46839332031
Senegal,SEN,2015,49617207031
Senegal,SEN,2016,51690414062
Senegal,SEN,2017,53701292968
Senegal,SEN,2018,56497226562
Senegal,SEN,2019,61352964843
Senegal,SEN,2020,62658667968
Senegal,SEN,2021,68516000000
Senegal,SEN,2022,71342070312
Senegal,SEN,2023,74338398437
Serbia,SRB,2013,121693679687
Serbia,SRB,2014,118727203125
Serbia,SRB,2015,120519882812
Serbia,SRB,2016,123083578125
Serbia,SRB,2017,125523765625
Serbia,SRB,2018,127187250000
Serbia,SRB,2019,138649453125
Serbia,SRB,2020,133579515625
Serbia,SRB,2021,141676093750
Serbia,SRB,2022,143110484375
Serbia,SRB,2023,148602562500
Seychelles,SYC,2013,2593920898
Seychelles,SYC,2014,2801249267
Seychelles,SYC,2015,2744547607
Seychelles,SYC,2016,2819878417
Seychelles,SYC,2017,2936243164
Seychelles,SYC,2018,3146087890
Seychelles,SYC,2019,3289464843
Seychelles,SYC,2020,2891914794
Seychelles,SYC,2021,2262084960
Seychelles,SYC,2022,2541086181
Seychelles,SYC,2023,2867718017
Sierra Leone,SLE,2013,14316212890
Sierra Leone,SLE,2014,14113638671
Sierra Leone,SLE,2015,14015401367
Sierra Leone,SLE,2016,15725385742
Sierra Leone,SLE,2017,16101121093
Sierra Leone,SLE,2018,20951427734
Sierra Leone,SLE,2019,20984960937
Sierra Leone,SLE,2020,20855625000
Sierra Leone,SLE,2021,21826626953
Sierra Leone,SLE,2022,23074664062
Sierra Leone,SLE,2023,24074876953
Singapore,SGP,2013,440877968750
Singapore,SGP,2014,481457062500
Singapore,SGP,2015,476267281250
Singapore,SGP,2016,484627843750
Singapore,SGP,2017,528686250000
Singapore,SGP,2018,540572812500
Singapore,SGP,2019,546197250000
Singapore,SGP,2020,522051093750
Singapore,SGP,2021,581491562500
Singapore,SGP,2022,620703437500
Singapore,SGP,2023,596790187500
Sint Maarten (Dutch part),SXM,2013,576189453
Sint Maarten (Dutch part),SXM,2015,457933898
Sint Maarten (Dutch part),SXM,2016,1155610351
Sint Maarten (Dutch part),SXM,2017,1312148803
Sint Maarten (Dutch part),SXM,2018,1374409912
Sint Maarten (Dutch part),SXM,2019,1703889770
Sint Maarten (Dutch part),SXM,2020,1572196044
Sint Maarten (Dutch part),SXM,2021,1600949340
Sint Maarten (Dutch part),SXM,2022,1711373046
Sint Maarten (Dutch part),SXM,2023,1821460937
Slovakia,SVK,2013,160470937500
Slovakia,SVK,2014,167613671875
Slovakia,SVK,2015,167823078125
Slovakia,SVK,2016,159887109375
Slovakia,SVK,2017,159132234375
Slovakia,SVK,2018,155851265625
Slovakia,SVK,2019,153906859375
Slovakia,SVK,2020,169812953125
Slovakia,SVK,2021,174792062500
Slovakia,SVK,2022,173282328125
Slovakia,SVK,2023,176676859375
Slovenia,SVN,2013,67684718750
Slovenia,SVN,2014,68850492187
Slovenia,SVN,2015,67678945312
Slovenia,SVN,2016,69560601562
Slovenia,SVN,2017,72091078125
Slovenia,SVN,2018,76434562500
Slovenia,SVN,2019,82185640625
Slovenia,SVN,2020,80255414062
Slovenia,SVN,2021,85286789062
Slovenia,SVN,2022,87096890625
Slovenia,SVN,2023,89182046875
Somalia,SOM,2013,12161508789
Somalia,SOM,2014,14932583984
Somalia,SOM,2015,18047068359
Somalia,SOM,2016,20626654296
Somalia,SOM,2017,22834298828
Somalia,SOM,2018,23256974609
Somalia,SOM,2019,23818154296
Somalia,SOM,2020,23309132812
Somalia,SOM,2021,24011724609
Somalia,SOM,2022,24600800781
Somalia,SOM,2023,25530410156
South Africa,ZAF,2013,854984437500
South Africa,ZAF,2014,859084437500
South Africa,ZAF,2015,871564500000
South Africa,ZAF,2016,874627125000
South Africa,ZAF,2017,890419250000
South Africa,ZAF,2018,856190875000
South Africa,ZAF,2019,846207500000
South Africa,ZAF,2020,772349625000
South Africa,ZAF,2021,780391125000
South Africa,ZAF,2022,796945937500
South Africa,ZAF,2023,797735250000
South Korea,KOR,2013,2041201125000
South Korea,KOR,2014,2146196000000
South Korea,KOR,2015,2281794750000
South Korea,KOR,2016,2362046000000
South Korea,KOR,2017,2448539250000
South Korea,KOR,2018,2536406250000
South Korea,KOR,2019,2638620500000
South Korea,KOR,2020,2665119500000
South Korea,KOR,2021,2795993500000
South Korea,KOR,2022,2869278750000
South Korea,KOR,2023,2912405500000
South Sudan,SSD,2013,8326850585
South Sudan,SSD,2014,10377441406
South Sudan,SSD,2015,4681376464
South Sudan,SSD,2016,5754860839
South Sudan,SSD,2017,5305595703
South Sudan,SSD,2018,8322932617
South Sudan,SSD,2019,10930867187
South Sudan,SSD,2020,10088534179
South Sudan,SSD,2021,10680478515
South Sudan,SSD,2022,11079020507
South Sudan,SSD,2023,8348764648
Spain,ESP,2013,1726947000000
Spain,ESP,2014,1735723500000
Spain,ESP,2015,1844099000000
Spain,ESP,2016,1923510875000
Spain,ESP,2017,2005580625000
Spain,ESP,2018,2001593500000
Spain,ESP,2019,2141872250000
Spain,ESP,2020,1863857875000
Spain,ESP,2021,2005026750000
Spain,ESP,2022,2138559000000
Spain,ESP,2023,2193716250000
Sri Lanka,LKA,2013,271123343750
Sri Lanka,LKA,2014,278220312500
Sri Lanka,LKA,2015,293404656250
Sri Lanka,LKA,2016,312416406250
Sri Lanka,LKA,2017,325112343750
Sri Lanka,LKA,2018,336454812500
Sri Lanka,LKA,2019,334247000000
Sri Lanka,LKA,2020,296514468750
Sri Lanka,LKA,2021,323288093750
Sri Lanka,LKA,2022,302217906250
Sri Lanka,LKA,2023,292659156250
Sudan,SDN,2013,190361609375
Sudan,SDN,2014,297166906250
Sudan,SDN,2015,305962437500
Sudan,SDN,2016,451507593750
Sudan,SDN,2017,587484750000
Sudan,SDN,2019,244649531250
Sudan,SDN,2020,227920968750
Sudan,SDN,2021,148975609375
Sudan,SDN,2022,148347453125
Sudan,SDN,2023,127628000000
Suriname,SUR,2013,10903227539
Suriname,SUR,2014,11178947265
Suriname,SUR,2015,10243348632
Suriname,SUR,2016,8722838867
Suriname,SUR,2017,9679317382
Suriname,SUR,2018,10062355468
Suriname,SUR,2019,11184115234
Suriname,SUR,2020,7981260742
Suriname,SUR,2021,9986386718
Suriname,SUR,2022,10282916015
Suriname,SUR,2023,10470457031
Sweden,SWE,2013,517618406250
Sweden,SWE,2014,517495718750
Sweden,SWE,2015,533619625000
Sweden,SWE,2016,543302875000
Sweden,SWE,2017,563177562500
Sweden,SWE,2018,564260312500
Sweden,SWE,2019,606868125000
Sweden,SWE,2020,600686750000
Sweden,SWE,2021,625638312500
Sweden,SWE,2022,626883875000
Sweden,SWE,2023,628732125000
Switzerland,CHE,2013,636341375000
Switzerland,CHE,2014,651254812500
Switzerland,CHE,2015,654668375000
Switzerland,CHE,2016,669570875000
Switzerland,CHE,2017,688002812500
Switzerland,CHE,2018,694456750000
Switzerland,CHE,2019,727855750000
Switzerland,CHE,2020,715363562500
Switzerland,CHE,2021,770974375000
Switzerland,CHE,2022,799991250000
Switzerland,CHE,2023,797972875000
Syria,SYR,2013,87870007812
Syria,SYR,2014,82392429687
Syria,SYR,2015,78908070312
Syria,SYR,2019,97590445312
Syria,SYR,2020,88746531250
Syria,SYR,2021,181572500000
Syria,SYR,2022,167892953125
Syria,SYR,2023,168128265625
Taiwan,TWN,2013,1133521000000
Taiwan,TWN,2014,1177227250000
Taiwan,TWN,2015,1170872375000
Taiwan,TWN,2016,1170722875000
Taiwan,TWN,2017,1209298500000
Taiwan,TWN,2018,1205383500000
Taiwan,TWN,2019,1263531500000
Taiwan,TWN,2020,1315642625000
Taiwan,TWN,2021,1386752875000
Taiwan,TWN,2022,1425111375000
Taiwan,TWN,2023,1445884375000
Tajikistan,TJK,2013,32520382812
Tajikistan,TJK,2014,36565000000
Tajikistan,TJK,2015,30010673828
Tajikistan,TJK,2016,30613433593
Tajikistan,TJK,2017,33746039062
Tajikistan,TJK,2018,34723855468
Tajikistan,TJK,2019,40989691406
Tajikistan,TJK,2020,41354613281
Tajikistan,TJK,2021,44697429687
Tajikistan,TJK,2022,49619617187
Tajikistan,TJK,2023,50318507812
Tanzania,TZA,2013,121778968750
Tanzania,TZA,2014,125671039062
Tanzania,TZA,2015,137434250000
Tanzania,TZA,2016,140132484375
Tanzania,TZA,2017,140725796875
Tanzania,TZA,2018,155013015625
Tanzania,TZA,2019,170703000000
Tanzania,TZA,2020,183943562500
Tanzania,TZA,2021,200859625000
Tanzania,TZA,2022,218721718750
Tanzania,TZA,2023,230598406250
Thailand,THA,2013,1243978000000
Thailand,THA,2014,1218837875000
Thailand,THA,2015,1228427375000
Thailand,THA,2016,1270711500000
Thailand,THA,2017,1343579125000
Thailand,THA,2018,1403024625000
Thailand,THA,2019,1455789750000
Thailand,THA,2020,1386630625000
Thailand,THA,2021,1446543500000
Thailand,THA,2022,1494911250000
Thailand,THA,2023,1651245625000
Togo,TGO,2013,15170732421
Togo,TGO,2014,16021689453
Togo,TGO,2015,17123478515
Togo,TGO,2016,17856154296
Togo,TGO,2017,18350277343
Togo,TGO,2019,20721988281
Togo,TGO,2020,21924488281
Togo,TGO,2021,23181181640
Togo,TGO,2022,24497541015
Togo,TGO,2023,25827664062
Trinidad and Tobago,TTO,2013,54541656250
Trinidad and Tobago,TTO,2014,53674160156
Trinidad and Tobago,TTO,2015,48069542968
Trinidad and Tobago,TTO,2016,43464566406
Trinidad and Tobago,TTO,2017,43070582031
Trinidad and Tobago,TTO,2018,42180949218
Trinidad and Tobago,TTO,2019,42994726562
Trinidad and Tobago,TTO,2020,39452500000
Trinidad and Tobago,TTO,2021,42360000000
Trinidad and Tobago,TTO,2022,42884605468
Trinidad and Tobago,TTO,2023,42327542968
Tunisia,TUN,2013,142037390625
Tunisia,TUN,2014,144910125000
Tunisia,TUN,2015,143310046875
Tunisia,TUN,2016,146013343750
Tunisia,TUN,2017,148666734375
Tunisia,TUN,2018,158002765625
Tunisia,TUN,2019,164342140625
Tunisia,TUN,2020,152326218750
Tunisia,TUN,2021,152161156250
Tunisia,TUN,2022,155510937500
Tunisia,TUN,2023,147767093750
Turkey,TUR,2013,1978543125000
Turkey,TUR,2014,2103493500000
Turkey,TUR,2015,2228629500000
Turkey,TUR,2016,2262191000000
Turkey,TUR,2017,2396682750000
Turkey,TUR,2018,2398241000000
Turkey,TUR,2019,2393680750000
Turkey,TUR,2020,2412481750000
Turkey,TUR,2021,2618024000000
Turkey,TUR,2022,2927292500000
Turkey,TUR,2023,3121979750000
Turkmenistan,TKM,2013,116669929687
Turkmenistan,TKM,2014,118241296875
Turkmenistan,TKM,2015,118102335937
Turkmenistan,TKM,2016,118664242187
Turkmenistan,TKM,2017,125128085937
Turkmenistan,TKM,2018,133135093750
Turkmenistan,TKM,2019,141276750000
Turkmenistan,TKM,2020,149340296875
Turkmenistan,TKM,2021,160097171875
Turkmenistan,TKM,2022,170585671875
Turkmenistan,TKM,2023,180446203125
Uganda,UGA,2013,67268468750
Uganda,UGA,2014,106859585937
Uganda,UGA,2015,99455453125
Uganda,UGA,2016,97825968750
Uganda,UGA,2017,100425117187
Uganda,UGA,2018,109683757812
Uganda,UGA,2019,118882875000
Uganda,UGA,2020,120253750000
Uganda,UGA,2021,126267445312
Uganda,UGA,2022,138574609375
Uganda,UGA,2023,146242171875
Ukraine,UKR,2013,619745625000
Ukraine,UKR,2014,563310437500
Ukraine,UKR,2015,536134750000
Ukraine,UKR,2016,571966250000
Ukraine,UKR,2017,579531312500
Ukraine,UKR,2018,596651687500
Ukraine,UKR,2019,643263000000
Ukraine,UKR,2020,658538250000
Ukraine,UKR,2021,708698312500
Ukraine,UKR,2022,575146125000
Ukraine,UKR,2023,620008312500
United Arab Emirates,ARE,2013,881176375000
United Arab Emirates,ARE,2014,918182437500
United Arab Emirates,ARE,2015,768811187500
United Arab Emirates,ARE,2016,744598812500
United Arab Emirates,ARE,2017,691599562500
United Arab Emirates,ARE,2018,741642312500
United Arab Emirates,ARE,2019,779309187500
United Arab Emirates,ARE,2020,748109250000
United Arab Emirates,ARE,2021,711028125000
United Arab Emirates,ARE,2022,794277187500
United Arab Emirates,ARE,2023,812833625000
United Kingdom,GBR,2013,2954258500000
United Kingdom,GBR,2014,2970008250000
United Kingdom,GBR,2015,3078597250000
United Kingdom,GBR,2016,3106611250000
United Kingdom,GBR,2017,3261126750000
United Kingdom,GBR,2018,3224198000000
United Kingdom,GBR,2019,3355950750000
United Kingdom,GBR,2020,3179079000000
United Kingdom,GBR,2021,3328641000000
United Kingdom,GBR,2022,3471952250000
United Kingdom,GBR,2023,3481523500000
United States,USA,2013,19658158000000
United States,USA,2014,20191400000000
United States,USA,2015,20761160000000
United States,USA,2016,21130088000000
United States,USA,2017,21657384000000
United States,USA,2018,22326464000000
United States,USA,2019,22896074000000
United States,USA,2020,22335318000000
United States,USA,2021,23681202000000
United States,USA,2022,24282706000000
United States,USA,2023,25034982000000
Uruguay,URY,2013,77685109375
Uruguay,URY,2014,82252367187
Uruguay,URY,2015,82820726562
Uruguay,URY,2016,84286992187
Uruguay,URY,2017,85363390625
Uruguay,URY,2018,84718367187
Uruguay,URY,2019,89327585937
Uruguay,URY,2020,88132039062
Uruguay,URY,2021,88723695312
Uruguay,URY,2022,91652492187
Uruguay,URY,2023,90607570312
Uzbekistan,UZB,2013,204695906250
Uzbekistan,UZB,2014,216439890625
Uzbekistan,UZB,2015,231323000000
Uzbekistan,UZB,2016,236040375000
Uzbekistan,UZB,2017,249091046875
Uzbekistan,UZB,2018,274069625000
Uzbekistan,UZB,2019,281429781250
Uzbekistan,UZB,2020,280005781250
Uzbekistan,UZB,2021,303696000000
Uzbekistan,UZB,2022,331967062500
Uzbekistan,UZB,2023,349168437500
Venezuela,VEN,2013,659881875000
Venezuela,VEN,2014,435134406250
Vietnam,VNM,2013,734590625000
Vietnam,VNM,2014,793158500000
Vietnam,VNM,2015,827976125000
Vietnam,VNM,2016,883544437500
Vietnam,VNM,2017,962890625000
Vietnam,VNM,2018,1030562875000
Vietnam,VNM,2019,1098332000000
Vietnam,VNM,2020,1160343875000
Vietnam,VNM,2021,1218280875000
Vietnam,VNM,2022,1299342625000
Vietnam,VNM,2023,1310143375000
Yemen,YEM,2013,107705968750
Yemen,YEM,2014,106695921875
Yemen,YEM,2015,69285781250
Yemen,YEM,2016,52459542968
Yemen,YEM,2017,39321406250
Yemen,YEM,2018,43785570312
Yemen,YEM,2019,39897695312
Yemen,YEM,2020,34731019531
Yemen,YEM,2021,35301980468
Yemen,YEM,2022,36114222656
Yemen,YEM,2023,33680449218
Zambia,ZMB,2013,57660855468
Zambia,ZMB,2014,60188851562
Zambia,ZMB,2015,58657910156
Zambia,ZMB,2016,59173382812
Zambia,ZMB,2017,60742199218
Zambia,ZMB,2018,61635742187
Zambia,ZMB,2019,61544214843
Zambia,ZMB,2020,56232933593
Zambia,ZMB,2021,60616976562
Zambia,ZMB,2022,66286562500
Zambia,ZMB,2023,71113648437
Zimbabwe,ZWE,2013,42070906250
Zimbabwe,ZWE,2014,42923015625
Zimbabwe,ZWE,2015,44564121093
Zimbabwe,ZWE,2016,46706273437
Zimbabwe,ZWE,2017,51617976562
Zimbabwe,ZWE,2018,28347521484
Zimbabwe,ZWE,2019,45106468750
Zimbabwe,ZWE,2020,45983898437
Zimbabwe,ZWE,2021,44440199218
Zimbabwe,ZWE,2022,48054238281
Zimbabwe,ZWE,2023,50540847656
